participant_number,MCQ1,MCQ2,MCQ3,MCQ4,MCQ5,MCQ6,MCQ7,MCQ8,MCQ9,MCQ10,MCQ11,MCQ12,MCQ13,MCQ14,MCQ15,MCQ16,MCQ17,MCQ18,MCQ19,MCQ20,MCQ21,MCQ22,MCQ23,MCQ24,MCQ25,MCQ26,MCQ27
412729-412720-42950469,0,0,0,1,1,0,1,1,0,0,1,0,0,1,0,0,0,0,1,0,0,0,1,0,0,0,1
412729-412720-42978122,0,1,1,1,1,0,1,1,0,1,1,1,0,1,1,1,0,1,1,0,1,1,1,0,1,0,1
412729-412720-42947943,0,1,1,1,1,0,1,1,0,1,1,1,0,1,1,1,0,1,1,0,1,1,1,0,1,0,1
412729-412720-43152676,0,1,1,1,1,0,1,1,0,0,1,0,0,1,0,0,0,1,1,0,1,0,1,0,1,0,1
412729-412720-42950409,0,1,1,1,1,0,1,1,0,1,1,0,0,1,1,1,0,1,1,0,1,1,1,1,1,0,1
412729-412720-42945109,0,0,0,1,0,0,1,1,0,0,1,0,0,1,0,0,0,1,1,0,1,0,1,0,1,0,1
412729-412720-43150472,0,1,1,1,1,0,1,1,0,1,1,1,0,1,1,1,1,1,1,0,1,1,1,1,1,0,1
412729-412720-42949498,0,1,0,1,1,0,1,1,0,1,1,0,0,1,1,1,0,1,1,0,1,0,1,0,1,0,1
412729-412720-43030951,0,1,1,1,1,1,1,1,0,1,1,1,0,1,1,1,0,1,1,0,1,1,1,0,1,0,1
412729-412720-42623126,0,1,0,1,1,0,1,1,0,0,1,0,0,1,0,0,0,0,1,0,1,0,1,0,1,0,1
412729-412720-43236744,0,0,0,1,0,0,0,1,0,0,1,0,0,0,0,0,0,0,1,0,0,0,0,0,0,0,1
412729-412720-43159156,0,1,0,1,1,0,1,1,0,1,1,0,0,1,1,1,0,1,1,0,1,0,1,0,1,0,1
412729-412720-42947408,0,1,0,1,1,0,1,1,0,0,1,0,0,1,0,0,0,1,1,0,1,0,1,0,1,0,1
412729-412720-42849261,0,1,0,1,1,0,1,1,0,1,1,0,0,1,1,0,0,1,1,0,1,0,1,0,1,0,1
412729-412720-43185971,0,0,0,1,0,0,0,1,0,0,1,0,0,0,0,0,0,0,1,0,0,0,0,0,0,0,1
412729-412720-42728009,0,1,0,1,0,0,1,1,0,0,1,0,0,1,0,0,0,0,1,0,0,0,1,0,1,0,1
412729-412720-43159566,0,1,0,1,1,0,1,1,0,1,1,0,0,1,1,1,0,1,1,0,1,0,1,1,1,0,1
412729-412720-42643280,0,0,0,1,0,0,1,1,0,0,1,0,0,1,0,0,0,0,1,0,0,0,1,0,0,0,1
412729-412720-42623443,0,0,0,1,0,0,1,0,0,0,1,0,0,0,0,0,0,0,1,0,0,0,1,0,1,0,1
412729-412720-42622623,0,1,1,1,1,0,1,1,0,1,1,1,0,1,1,1,0,1,1,0,1,1,1,0,1,0,1
412729-412720-42304519,0,1,1,1,1,0,1,1,0,1,1,1,0,1,1,1,0,1,1,0,1,1,1,0,1,0,1
412729-412720-42306598,0,1,0,1,1,0,1,1,0,0,1,0,0,1,1,1,0,1,1,0,1,0,1,0,1,0,1
412729-412720-42629482,0,1,0,1,1,0,1,1,0,0,1,0,0,1,1,0,0,1,1,0,1,0,1,0,1,0,1
412729-412720-42622201,0,1,0,1,1,0,1,1,0,0,1,0,0,1,0,0,0,0,1,0,1,0,1,0,1,0,1
412729-412720-42987263,0,1,1,1,1,0,1,1,0,1,1,0,0,1,1,1,0,1,1,0,1,1,1,0,1,0,1
412729-412720-42624415,0,0,1,1,0,0,1,1,0,0,1,0,0,0,0,0,0,0,1,0,0,0,0,0,0,0,1
412729-412720-42947713,0,1,1,1,1,0,1,1,0,0,1,0,0,1,0,0,0,0,1,0,0,0,1,0,1,0,1
412729-412720-42623563,0,0,0,1,0,0,1,1,0,0,1,0,0,0,0,0,0,0,1,0,0,0,1,0,1,0,1
412729-412720-42946175,0,1,0,1,1,0,1,1,0,1,1,0,0,1,1,0,0,0,1,0,1,0,1,0,1,0,1
412729-412720-42891387,0,1,0,1,1,0,1,1,0,0,1,0,0,1,0,0,0,0,1,0,0,0,1,0,0,0,1
412729-412720-43156334,0,1,0,1,1,0,1,1,0,0,1,0,0,1,1,1,0,1,1,0,1,0,1,0,1,0,1
412729-412720-42642917,0,0,0,1,1,0,1,1,0,0,1,0,0,1,0,0,0,1,1,0,1,0,1,0,1,0,1
412729-412720-42635216,0,0,0,1,0,0,0,1,0,0,1,0,0,0,0,0,0,0,1,0,0,0,1,0,1,0,1
412729-412720-42986526,0,1,1,1,1,0,1,1,0,0,1,0,0,1,1,0,0,1,1,0,1,0,1,0,1,0,1
412729-412720-42306236,0,0,0,1,1,0,1,1,0,0,1,0,0,1,0,0,0,1,1,0,1,0,1,1,0,0,1
412729-412720-42980254,0,0,0,1,0,0,1,1,0,0,1,0,0,0,0,0,0,0,1,0,0,0,1,0,0,0,1
412729-412720-42950043,0,1,0,1,1,0,1,1,0,1,1,0,0,1,1,0,0,1,1,0,1,0,1,0,1,0,1
412729-412720-42628149,1,1,1,1,1,1,1,1,1,1,0,1,0,1,1,1,1,1,1,0,1,1,1,1,1,0,0
412729-412720-42944644,0,0,0,1,1,0,1,1,0,1,1,0,0,1,0,0,0,1,1,0,1,0,1,0,1,0,1
412729-412720-42947709,0,1,1,1,1,0,1,1,0,1,1,0,0,1,1,1,0,1,1,0,1,1,1,0,1,0,1
412729-412720-42950660,0,1,1,1,1,0,1,1,1,1,1,1,1,1,1,0,0,0,1,1,1,0,1,0,1,0,1
412729-412720-42623565,0,0,0,1,1,0,1,1,0,0,0,0,0,0,0,0,0,0,1,0,1,0,1,0,0,0,1
412729-412720-43151866,0,1,0,1,1,0,1,1,0,0,1,0,0,1,0,0,0,0,1,0,0,0,1,0,1,0,1
412729-412720-42984347,0,0,1,1,1,0,1,1,0,0,1,0,0,1,0,0,0,1,1,0,1,0,1,0,1,0,1
412729-412720-42623539,0,0,0,1,1,0,1,1,0,0,1,0,0,1,0,0,0,0,1,0,1,0,1,0,1,0,1
412729-412720-42950919,0,1,1,1,1,0,1,1,0,1,1,0,0,1,1,1,0,1,1,0,1,0,1,0,1,0,1
412729-412720-42949233,0,1,1,1,1,0,1,1,0,1,1,1,0,1,1,1,0,1,1,0,1,1,1,0,1,0,1
412729-412720-42304296,0,1,0,1,1,0,1,1,0,1,1,1,0,1,1,1,1,1,1,0,1,1,1,0,1,1,1
412729-412720-42949928,0,1,0,1,1,0,1,1,0,0,1,0,0,1,1,1,1,1,1,0,1,1,1,1,1,0,1
412729-412720-43151457,0,0,0,1,1,0,1,1,0,0,1,0,0,1,0,0,0,0,1,0,0,0,1,0,1,0,0
412729-412720-42950308,0,0,0,1,0,0,0,1,0,0,1,0,0,1,0,0,0,0,1,0,1,0,1,0,1,0,1
412729-412720-42947866,0,1,0,1,1,0,1,1,0,1,1,0,0,1,1,0,0,1,1,0,1,0,1,0,1,0,1
412729-412720-42308196,0,1,1,1,1,0,1,1,0,0,1,0,0,1,0,0,0,1,1,0,1,0,1,0,1,0,1
412729-412720-42643900,0,1,1,1,1,0,1,1,0,1,1,0,0,1,1,1,0,1,1,0,1,0,1,0,1,0,1
412729-412720-42959400,0,1,0,1,1,0,1,1,0,0,1,0,0,1,1,1,0,1,1,0,1,0,1,0,1,0,1
412729-412720-43154505,1,1,1,1,1,1,1,1,1,1,1,1,0,1,1,1,1,1,1,1,1,1,1,1,1,0,1
412729-412720-42950022,0,1,0,1,0,0,1,1,0,0,1,0,0,1,0,0,0,0,1,0,0,0,0,0,1,0,1
412729-412720-42628400,1,1,0,1,1,0,1,1,0,0,1,0,0,1,1,0,0,1,1,0,1,0,1,1,1,0,1
412729-412720-43236625,0,0,0,1,1,0,0,1,0,0,1,0,0,0,0,0,0,0,0,0,0,0,1,0,0,0,1
412729-412720-42948962,0,1,0,1,1,0,1,1,0,1,1,0,0,1,1,0,0,1,1,0,1,0,1,0,1,0,1
412729-412720-42623062,0,0,0,1,1,0,0,1,0,0,1,0,0,1,0,0,0,0,1,0,0,0,1,0,1,0,1
412729-412720-42304493,0,0,1,1,1,0,1,1,0,1,1,1,0,1,1,1,0,1,1,1,1,1,1,1,1,1,1
412729-412720-42945907,0,1,1,1,1,0,1,1,0,1,1,0,0,1,1,1,0,1,1,0,1,0,1,1,1,0,1
412729-412720-42945002,0,0,0,1,0,0,1,1,0,0,1,0,0,0,0,0,0,0,1,0,0,0,1,0,0,0,1
412729-412720-43153231,0,0,0,1,1,0,1,1,0,0,1,0,0,1,0,0,0,0,1,0,0,0,1,0,1,0,1
412729-412720-42949696,0,0,0,1,1,0,1,1,0,0,1,0,0,1,0,0,0,0,1,0,0,0,1,0,0,0,1
412729-412720-43165897,1,1,1,1,1,0,1,1,0,1,1,1,0,0,1,1,0,1,1,0,1,0,1,0,1,0,1
412729-412720-42756506,0,1,0,1,1,0,1,1,0,0,1,0,0,1,1,0,0,1,1,0,1,0,1,0,1,0,1
412729-412720-42717810,0,1,0,1,1,0,1,1,0,1,1,0,0,1,0,0,0,1,1,0,1,0,1,0,1,0,1
412729-412720-42304456,0,0,0,1,0,0,1,1,0,0,1,0,0,1,0,0,0,0,1,0,1,0,1,0,1,0,1
412729-412720-42945653,0,1,1,1,1,1,1,1,1,1,1,1,0,1,1,1,1,1,1,1,1,1,1,1,1,1,1
412729-412720-43153582,0,1,1,1,1,0,1,1,0,1,1,0,0,1,0,0,0,0,1,0,1,0,1,0,1,0,1
412729-412720-42625365,0,0,0,1,0,0,1,1,0,0,1,0,0,1,0,0,0,0,1,0,0,0,1,0,0,0,1
412729-412720-43163559,0,0,0,1,0,0,1,1,0,0,1,0,0,1,0,0,0,0,1,0,0,0,1,0,1,0,1
412729-412720-43248567,0,1,0,1,1,0,1,1,0,0,1,0,0,1,0,0,0,0,1,0,0,0,1,0,1,0,1
412729-412720-42507670,0,1,0,1,1,0,1,1,0,1,1,0,0,1,1,0,0,1,1,0,1,0,1,0,1,0,1
412729-412720-42686006,0,1,0,1,1,0,1,1,0,1,1,1,0,1,1,0,0,0,1,0,0,0,1,0,1,0,1
412729-412720-42950073,0,1,1,1,1,0,1,1,0,1,1,0,0,1,0,0,0,1,1,0,1,0,1,0,1,0,1
412729-412720-42949635,0,0,0,1,0,0,1,1,0,0,1,0,0,0,0,0,0,0,1,0,0,0,0,0,0,0,1
412729-412720-42949456,0,0,0,1,0,0,1,1,0,0,1,0,0,1,0,0,0,0,1,0,0,0,1,0,0,0,1
412729-412720-42681046,0,0,0,1,1,0,1,1,0,0,1,0,0,1,0,0,0,0,1,0,1,0,1,0,1,0,1
412729-412720-42624084,0,1,0,1,1,0,1,1,0,0,1,0,0,1,0,0,0,0,1,0,1,0,1,0,1,0,1
412729-412720-42622013,0,0,0,1,1,0,1,1,0,0,1,0,0,0,0,0,0,0,1,0,0,0,1,0,0,0,1
412729-412720-43152460,0,1,1,1,1,0,1,1,0,1,1,1,0,1,1,1,0,1,1,0,1,1,1,1,1,0,1
412729-412720-42622703,0,1,1,1,1,0,1,1,0,1,1,0,0,1,1,1,0,1,1,0,1,1,1,0,1,0,1
412729-412720-43161832,0,0,0,1,0,0,0,0,0,0,0,0,0,0,0,0,0,0,1,0,0,0,0,0,0,0,1
412729-412720-42305849,0,0,1,1,1,0,1,1,0,0,1,0,0,1,0,0,0,1,1,0,1,0,1,0,1,0,1
412729-412720-43154796,1,1,1,1,1,0,1,1,0,1,1,0,0,1,1,1,0,1,1,0,1,1,1,0,1,0,1
412729-412720-42311343,0,1,0,1,1,0,0,1,0,0,1,0,0,1,0,0,0,0,1,0,0,0,0,0,1,0,1
412729-412720-43151590,0,1,0,1,1,0,1,1,0,1,1,0,0,1,1,1,1,1,1,0,1,0,1,0,1,0,1
412729-412720-42954814,0,0,0,1,0,0,1,1,0,0,1,0,0,1,0,0,0,0,1,0,0,0,1,0,0,0,1
412729-412720-43154559,0,0,0,0,0,0,0,0,0,0,0,0,0,0,0,0,0,0,0,0,0,0,0,0,0,0,0
412729-412720-42641322,0,0,0,1,0,0,1,1,0,0,1,0,0,1,0,0,0,0,1,0,0,0,1,0,1,0,1
412729-412720-42647991,0,1,1,1,1,0,1,1,0,1,1,1,0,1,1,1,0,1,1,0,1,1,1,0,1,0,1
412729-412720-42942993,0,0,0,1,1,0,1,1,0,0,1,0,0,1,0,0,0,1,1,0,1,0,1,0,1,0,1
412729-412720-42687183,0,1,0,1,1,0,1,1,0,0,1,0,0,1,0,0,0,0,1,0,1,0,1,0,1,0,1
412729-412720-42852632,1,1,1,1,1,1,1,1,1,1,1,1,1,1,1,1,1,1,1,1,1,1,1,1,1,1,1
412729-412720-43153575,0,0,0,1,1,0,1,1,0,0,1,0,0,1,0,0,0,1,1,0,1,0,1,0,1,0,1
412729-412720-42622953,0,1,0,1,1,0,1,1,0,1,1,0,0,1,0,0,0,1,1,0,1,0,1,0,1,0,1
412729-412720-43237751,0,0,0,1,0,0,1,1,0,0,1,0,0,0,0,0,0,0,1,0,0,0,0,0,0,0,1
412729-412720-43103442,0,0,0,1,1,0,1,1,0,0,1,0,0,1,0,0,0,1,1,0,1,0,1,0,1,0,1
412729-412720-42945049,0,1,1,1,1,0,1,1,0,0,1,0,0,1,0,0,0,0,1,0,1,0,1,0,1,0,1
412729-412720-42289584,0,1,1,1,1,0,1,1,0,0,1,0,0,1,0,1,0,0,1,0,1,0,1,0,1,0,1
412729-412720-42949758,1,1,1,1,1,0,1,1,0,1,1,1,0,1,1,1,0,1,1,0,1,1,1,0,1,0,1
412729-412720-42949781,0,1,1,1,1,0,1,1,0,1,1,1,0,1,1,1,0,1,1,0,1,0,1,0,1,0,1
412729-412720-42945339,0,1,0,1,1,0,1,1,0,1,1,0,0,1,0,0,0,1,1,0,1,0,1,0,1,0,1
412729-412720-42770960,0,0,0,1,1,0,1,1,0,0,1,0,0,1,0,0,0,1,1,0,1,0,1,0,1,0,1
412729-412720-42945389,0,1,0,1,1,0,1,1,0,0,1,0,0,1,0,0,0,0,1,0,1,0,1,0,1,0,1
412729-412720-43152712,0,1,0,1,1,0,1,1,0,0,1,0,0,1,1,0,0,0,1,0,1,0,1,0,1,0,1
412729-412720-42946803,0,1,1,1,1,0,1,1,0,1,1,1,0,1,1,1,0,1,1,0,1,0,1,0,1,0,1
412729-412720-42656205,0,1,0,1,1,0,1,1,0,0,1,0,0,1,1,0,0,1,1,0,1,0,1,0,1,0,1
412729-412720-42987809,0,1,0,1,0,0,1,1,0,0,1,0,0,1,0,0,0,0,1,0,0,0,1,0,1,0,1
412729-412720-42648037,0,1,1,1,1,0,1,1,0,0,1,0,0,1,1,1,0,1,1,0,1,0,1,0,1,0,1
412729-412720-42507845,0,0,1,1,0,0,1,1,0,0,1,0,0,1,0,0,0,0,1,0,1,0,1,0,1,0,1
412729-412720-42624365,0,0,0,1,0,0,1,1,0,0,1,0,0,0,0,1,0,0,1,0,0,0,1,0,0,0,1
412729-412720-42949087,0,0,0,1,1,0,1,1,0,0,1,0,0,1,0,1,0,0,1,0,1,0,1,0,1,0,1
412729-412720-43154407,0,1,1,1,1,0,1,1,1,1,1,1,0,1,1,1,0,1,1,0,1,1,1,0,1,0,1
412729-412720-42632848,0,1,0,1,1,0,1,1,0,1,1,1,0,1,1,1,0,1,1,0,1,0,1,0,1,0,1
412729-412720-42536741,0,1,0,1,1,0,1,1,0,1,1,0,0,1,1,1,0,1,1,0,1,0,1,0,1,0,1
412729-412720-42948762,0,0,0,1,1,0,1,1,0,0,1,0,0,1,0,1,0,0,1,0,1,0,1,0,1,0,1
412729-412720-42946412,0,1,0,1,1,0,1,1,0,1,1,0,0,1,1,1,0,1,1,0,1,1,1,0,1,0,1
412729-412720-42989046,1,1,1,1,1,1,1,1,1,1,1,1,1,1,1,1,1,1,1,1,1,1,1,1,1,1,1
412729-412720-43241993,0,1,1,0,1,0,1,0,0,0,0,1,0,0,1,0,1,1,0,1,1,1,0,1,1,0,1
412729-412720-42945993,0,0,0,1,1,0,0,1,0,0,1,0,0,0,0,0,0,0,1,0,0,0,0,0,0,0,0
412729-412720-43152268,1,1,1,1,1,1,1,1,1,1,1,1,1,1,1,1,1,1,1,1,1,1,1,1,1,1,1
412729-412720-42509420,0,0,0,1,0,0,0,1,0,0,1,0,0,0,0,0,0,0,1,0,0,0,1,0,0,0,1
412729-412720-42945971,0,1,0,1,1,0,1,1,0,0,1,0,0,1,0,0,0,0,1,0,1,0,1,0,1,0,1
412729-412720-42382394,0,0,0,1,0,0,1,1,0,0,1,0,0,0,0,0,0,0,1,0,0,0,0,0,0,0,1
412729-412720-42949835,0,0,0,1,1,0,1,1,0,0,1,0,0,1,0,0,0,0,1,0,1,0,1,0,1,0,1
412729-412720-42944996,0,1,0,1,1,0,1,1,0,0,1,0,0,1,1,1,0,1,1,0,1,0,1,0,1,0,1
412729-412720-42648305,0,1,0,1,1,0,1,1,0,1,1,0,0,1,0,0,0,1,1,0,1,0,1,0,1,0,1
412729-412720-42946930,0,0,0,1,0,0,1,1,0,0,1,0,0,1,0,0,0,0,1,0,0,0,1,0,1,0,1
412729-412720-42633621,0,1,0,1,1,0,1,1,0,0,1,0,0,1,0,0,0,1,1,0,1,0,1,0,1,0,1
412729-412720-42624281,0,1,0,1,1,0,1,1,0,0,1,0,0,1,0,0,0,0,1,0,0,0,1,0,1,0,1
412729-412720-42946551,0,1,0,1,0,0,1,1,0,0,1,0,0,1,0,0,0,0,1,0,1,0,1,0,1,0,1
412729-412720-42949780,0,1,1,1,1,0,1,1,0,0,1,0,0,1,1,1,0,1,1,0,1,0,1,0,1,0,1
412729-412720-42943831,0,0,0,1,0,0,0,1,0,0,1,0,0,0,0,0,0,0,1,0,0,0,0,0,0,0,0
412729-412720-42659870,0,1,1,1,1,0,1,1,0,1,1,1,0,1,1,1,0,1,1,0,1,0,1,0,1,0,1
412729-412720-42945702,0,1,1,1,1,0,1,1,0,1,1,1,0,1,1,1,0,1,1,0,1,0,1,0,1,0,1
412729-412720-42947488,0,0,0,1,1,0,1,1,0,0,1,0,0,0,0,0,0,0,1,0,1,0,1,0,1,0,1
412729-412720-43151554,0,1,0,1,1,0,1,1,0,0,1,0,0,1,0,0,0,0,1,0,0,0,1,0,0,0,1
412729-412720-42496794,0,1,0,1,1,0,1,1,0,1,1,1,0,1,1,1,0,1,1,0,1,0,1,0,1,0,1
412729-412720-42638954,0,1,1,1,1,0,1,1,0,1,1,1,0,1,1,1,0,1,1,0,1,0,1,0,1,0,1
412729-412720-43240609,1,1,1,1,1,1,1,1,0,1,1,0,0,1,1,1,0,1,1,0,1,1,1,0,1,0,1
412729-412720-42289757,0,0,0,1,1,0,1,1,0,0,1,0,0,1,0,0,0,0,1,0,0,0,1,0,1,0,1
412729-412720-42633106,0,1,0,1,1,0,1,1,0,1,1,0,0,1,1,1,0,1,1,0,1,0,1,0,1,0,1
412729-412720-42650771,0,1,0,1,1,0,1,1,0,0,1,0,0,1,0,0,0,0,1,0,1,0,1,0,1,0,1
412729-412720-42947170,0,1,1,1,1,0,1,1,0,1,1,0,0,1,1,1,0,1,1,0,1,0,1,0,1,0,1
412729-412720-42627546,0,1,0,1,1,0,1,1,0,0,1,0,0,1,0,0,0,1,1,0,1,0,1,0,1,0,1
412729-412720-42951291,0,1,0,1,1,0,1,1,0,0,1,0,0,1,0,0,0,1,1,0,1,0,1,0,1,0,1
412729-412720-42945142,0,0,1,1,1,0,1,1,0,0,1,0,0,0,0,0,0,0,1,0,0,0,1,0,0,0,1
412729-412720-42623295,0,0,0,1,0,0,1,1,0,0,1,0,0,0,0,0,0,0,1,0,0,0,0,0,0,0,1
412729-412720-43157655,0,1,1,1,1,0,1,1,0,1,1,0,0,1,1,1,0,1,1,0,1,0,1,0,1,0,1
412729-412720-42622401,0,1,0,1,1,0,1,1,0,0,1,0,0,1,1,0,0,1,1,0,1,0,1,0,1,0,1
412729-412720-42628660,0,1,0,1,1,0,1,1,0,0,1,0,0,1,0,0,0,0,1,0,1,0,1,0,1,0,1
412729-412720-42950597,0,0,0,1,0,0,1,1,0,0,1,0,0,1,0,0,0,0,1,0,0,0,1,0,1,0,1
412729-412720-42304899,0,0,0,1,0,0,0,1,0,0,1,0,0,1,0,0,0,0,1,0,0,0,1,0,1,0,1
412729-412720-42950059,0,0,0,1,0,0,1,1,0,0,1,0,0,1,0,0,0,0,1,0,0,0,1,1,0,0,1
412729-412720-42649293,0,1,1,1,1,0,1,1,0,0,1,0,0,1,0,1,0,1,1,0,1,0,1,0,1,0,1
412729-412720-43152650,0,1,0,1,1,0,1,1,0,0,1,0,0,1,0,0,0,0,1,0,1,0,1,0,1,0,1
412729-412720-42653494,0,0,0,1,1,0,1,1,0,1,1,1,0,1,1,1,0,1,1,0,1,0,1,0,1,0,1
412729-412720-43156713,0,1,1,1,1,0,1,1,0,0,1,0,0,1,0,0,0,0,1,0,0,0,1,0,1,0,1
412729-412720-42653135,1,1,1,1,0,0,1,1,0,0,1,0,0,0,0,0,0,0,1,0,0,0,1,0,0,0,1
412729-412720-42627706,0,1,1,1,1,0,1,1,0,1,1,1,0,1,1,1,1,1,1,0,1,1,1,1,1,0,1
412729-412720-42944384,0,1,0,1,1,0,1,1,0,0,1,0,0,1,0,0,0,1,1,0,1,0,1,0,1,0,1
412729-412720-43152324,0,1,0,1,1,0,1,1,0,1,1,0,0,1,1,1,0,1,1,0,1,1,1,0,1,0,1
412729-412720-43266621,0,1,1,1,1,0,1,1,0,0,1,0,0,1,0,0,0,0,1,0,1,0,1,0,1,1,1
412729-412720-42305263,0,1,0,1,1,0,1,1,0,0,1,0,0,1,0,0,0,1,1,0,1,0,1,0,1,0,1
412729-412720-42641683,1,1,0,1,1,0,1,1,0,0,1,1,0,1,1,1,0,1,1,0,1,0,1,1,1,0,1
412729-412720-42948241,0,1,1,1,1,0,1,1,0,1,1,0,0,1,1,1,0,1,1,0,1,0,1,1,1,0,1
412729-412720-42950577,0,1,0,1,1,0,1,1,0,1,1,0,0,1,1,0,0,1,1,0,1,0,1,0,1,0,1
412729-412720-42946868,1,1,1,1,1,1,1,1,1,1,1,1,1,1,1,1,1,1,1,1,1,1,1,1,1,1,1
412729-412720-43151952,0,1,0,1,0,0,1,1,0,0,1,0,0,1,0,0,0,0,1,0,1,0,1,0,1,0,1
412729-412720-42944728,0,1,0,1,0,0,1,1,0,0,1,0,0,1,0,0,0,0,1,0,1,0,1,0,1,0,1
412729-412720-42623322,0,1,0,1,1,0,1,1,0,0,1,0,0,1,0,0,0,0,1,0,0,0,1,0,1,0,1
412729-412720-43237457,0,1,0,1,1,0,1,1,0,0,1,0,0,1,0,0,0,0,1,0,0,0,1,0,0,0,1
412729-412720-42851062,0,1,1,1,1,0,1,1,0,1,1,1,0,1,1,1,0,1,1,0,1,1,1,1,1,1,1
412729-412720-42626384,1,1,0,1,1,0,1,1,0,1,1,0,0,1,1,0,0,0,1,0,1,0,1,0,1,0,1
412729-412720-42946670,0,1,0,1,1,0,1,1,0,0,1,0,0,1,0,0,0,0,1,0,0,0,1,0,1,0,1
412729-412720-42632986,0,0,0,0,0,0,1,1,0,0,1,0,0,0,0,0,0,0,1,0,0,0,0,0,0,0,1
412729-412720-42945695,0,0,0,1,0,0,1,1,0,0,1,0,0,1,0,0,0,0,1,0,0,0,0,0,0,0,1
412729-412720-43237610,0,0,0,1,0,0,1,1,0,0,1,0,0,0,0,0,0,0,1,0,0,0,1,0,1,0,1
412729-412720-42950156,0,1,0,1,1,0,1,1,0,0,1,0,0,1,0,0,0,0,1,0,1,0,1,0,1,0,1
412729-412720-42635901,0,1,1,1,1,0,1,1,0,1,1,0,0,1,1,1,0,1,1,0,1,0,1,0,1,0,1
412729-412720-42950790,0,1,0,1,0,0,1,1,0,0,1,0,0,1,0,0,0,0,1,0,0,0,1,0,1,0,1
412729-412720-42624622,0,1,1,1,1,0,1,1,0,1,1,0,0,1,1,0,0,1,1,0,1,0,1,0,1,0,1
412729-412720-42625952,0,1,0,1,1,0,1,1,0,1,1,0,0,1,0,0,0,0,1,0,1,0,1,0,1,0,1
412729-412720-42649549,1,1,1,1,1,1,1,1,0,1,1,1,0,1,1,1,0,1,1,0,1,0,1,0,1,0,1
412729-412720-42634595,0,1,1,1,1,1,1,1,0,1,1,0,0,1,0,0,0,0,1,0,1,0,1,0,1,0,1
412729-412720-42945254,0,1,0,1,1,0,1,1,0,0,1,0,0,1,0,0,0,0,1,0,0,0,1,0,1,0,1
412729-412720-42653222,0,1,1,1,1,0,1,1,0,1,1,0,0,1,1,1,0,1,1,0,1,0,1,0,1,0,1
412729-412720-42950216,1,1,1,1,1,1,1,1,1,1,1,1,1,1,1,1,1,1,1,1,1,1,1,1,1,1,1
412729-412720-43158111,0,0,0,1,0,0,1,1,0,0,1,0,0,0,0,0,0,0,1,0,0,0,1,0,0,0,1
412729-412720-42633005,0,1,1,1,1,0,1,1,0,1,1,1,0,1,1,1,0,1,1,0,1,0,1,0,1,0,1
412729-412720-42948158,0,0,0,1,1,0,1,1,0,0,1,0,0,1,0,0,0,0,1,0,1,0,1,0,1,0,1
412729-412720-42653998,0,1,1,1,1,0,1,1,0,1,1,0,0,1,1,1,0,1,1,0,1,0,1,0,1,0,1
412729-412720-43153431,0,1,1,1,1,0,1,1,0,1,1,1,0,1,1,1,1,1,1,0,1,1,1,1,1,0,1
412729-412720-42675455,0,1,1,1,1,0,1,1,0,1,1,1,0,1,1,1,0,1,1,0,1,0,1,1,1,0,1
412729-412720-42628198,0,1,0,1,1,0,1,1,0,0,1,0,0,1,0,0,0,0,1,0,1,0,1,0,1,0,1
412729-412720-42626190,0,1,0,1,1,0,1,1,0,1,1,0,0,1,0,0,0,1,1,0,1,0,1,0,1,0,1
412729-412720-43153512,0,1,1,1,1,0,1,1,0,1,1,0,0,1,0,0,0,1,1,0,1,0,1,0,1,0,1
412729-412720-42949798,0,1,0,1,1,0,1,1,0,1,1,0,0,1,1,1,0,1,1,0,1,0,1,0,1,0,1
412729-412720-43033137,0,0,0,1,1,0,1,1,0,1,1,0,0,1,1,1,0,1,1,0,1,0,1,0,1,0,1
412729-412720-43262352,0,1,1,1,1,0,1,1,0,1,1,1,0,1,1,1,1,1,1,1,1,1,1,1,1,1,1
412729-412720-43155023,1,1,1,1,1,0,1,1,1,1,1,1,1,1,1,1,1,1,1,1,1,1,1,1,1,1,1
412729-412720-42506824,0,1,0,1,1,0,1,1,0,0,1,0,0,1,0,0,0,0,1,0,1,0,1,0,0,0,1
412729-412720-42645806,1,1,1,1,1,0,1,1,0,0,1,0,0,1,0,0,0,1,1,0,0,0,1,0,1,0,1
412729-412720-42496965,1,1,1,1,1,1,1,1,1,1,1,1,1,1,1,1,1,1,1,1,1,1,1,1,1,1,1
412729-412720-42852835,0,1,1,1,1,0,1,1,0,1,1,1,0,1,1,1,0,1,1,0,1,1,1,0,1,0,1
412729-412720-42949556,0,1,0,1,1,0,1,1,0,0,1,0,0,1,0,0,0,0,1,0,1,0,1,0,1,0,1
412729-412720-42637734,0,1,0,1,1,0,1,1,0,0,1,0,0,1,1,0,0,0,1,0,1,0,1,0,0,0,1
412729-412720-42950018,0,1,0,1,0,0,1,1,0,0,1,0,0,1,1,0,0,0,1,0,1,0,1,0,1,0,1
412729-412720-42304538,0,1,0,1,1,0,1,1,0,0,1,0,0,1,1,1,0,0,1,0,1,0,1,0,1,0,1
412729-412720-43153048,0,0,0,1,1,0,1,1,0,0,1,0,0,1,0,0,0,0,1,0,0,0,1,0,1,0,1
412729-412720-42633431,1,1,1,1,1,0,1,1,0,0,1,0,0,1,1,1,0,1,1,0,1,0,1,0,1,0,1
412729-412720-42623967,0,0,0,1,0,0,1,1,0,0,1,0,0,1,0,0,0,0,1,0,0,0,1,0,1,0,1
412729-412720-42683140,0,0,0,1,1,0,1,1,0,0,1,0,0,1,0,0,0,0,1,0,0,0,1,0,0,0,1
412729-412720-42622052,0,1,0,1,1,0,1,1,0,0,1,0,0,1,0,0,0,0,1,0,0,0,1,0,0,0,1
412729-412720-42625492,0,0,0,0,0,0,0,0,0,0,0,0,0,0,0,0,0,0,0,0,0,0,0,0,0,0,0
412729-412720-42624568,0,1,0,1,1,0,1,1,0,1,1,0,0,1,0,0,0,1,1,0,1,0,1,0,1,0,1
412729-412720-42946872,0,0,0,1,0,0,1,1,0,0,1,0,0,1,0,0,0,0,1,0,0,0,1,0,0,0,1
412729-412720-42645421,0,0,0,1,1,0,1,1,0,0,1,0,0,1,0,0,0,1,1,0,1,0,1,0,1,0,1
412729-412720-42634914,1,1,1,1,1,0,1,1,0,1,1,0,0,1,1,1,0,1,1,0,1,0,1,0,1,0,1
412729-412720-42709004,0,1,0,1,1,0,1,1,0,0,1,0,0,1,0,0,0,1,1,0,0,0,1,0,1,0,1
412729-412720-42949276,0,0,0,1,0,0,1,1,0,0,1,0,0,1,0,0,0,0,1,0,1,0,1,0,1,0,1
412729-412720-42949039,0,0,0,1,1,0,1,1,0,0,1,0,0,1,0,0,0,0,1,0,1,0,1,0,1,0,1
412729-412720-42633919,0,1,0,1,1,0,1,1,0,0,1,0,0,1,0,0,0,0,1,0,1,0,1,0,1,0,1
412729-412720-42714185,0,0,0,1,0,0,1,1,0,0,1,0,0,1,0,0,0,0,1,0,0,0,1,0,0,0,1
412729-412720-42625119,0,1,0,1,1,0,1,1,0,0,1,0,0,1,1,0,0,0,1,0,1,0,1,0,1,0,1
412729-412720-42289671,0,1,1,1,1,0,1,1,0,1,1,0,0,1,1,0,0,1,1,0,1,0,1,0,1,0,1
412729-412720-42633437,1,1,1,1,1,1,1,1,1,1,1,1,1,1,1,1,1,1,1,1,1,1,1,1,1,1,1
412729-412720-42636039,0,1,0,1,1,0,1,1,0,1,1,0,0,1,0,0,0,1,1,0,0,0,1,0,1,0,1
412729-412720-42949969,1,0,1,1,1,0,1,1,0,0,1,1,0,1,1,0,0,1,1,0,1,0,1,0,1,0,1
412729-412720-42306532,0,1,1,1,1,0,1,1,0,1,1,0,0,1,1,1,0,1,1,0,1,0,1,0,1,0,1
412729-412720-42652967,0,1,1,1,1,0,1,1,0,0,1,0,0,1,0,0,0,1,1,0,1,0,1,0,1,0,1
412729-412720-42634336,0,0,0,1,1,0,1,1,0,0,1,0,0,1,0,0,0,1,1,0,1,0,1,0,1,0,1
412729-412720-42682781,0,1,0,1,1,0,1,1,0,1,1,0,0,1,1,0,0,1,1,0,1,0,1,0,1,0,1
412729-412720-42946200,0,0,0,1,0,0,0,1,0,0,1,0,0,0,0,0,0,0,1,0,0,0,1,0,0,0,1
412729-412720-42622507,1,1,1,1,1,1,1,1,1,1,1,1,1,1,1,1,1,1,1,1,1,1,1,1,1,1,1
412729-412720-43153174,0,1,0,1,1,0,1,1,0,0,1,0,0,1,0,0,0,0,1,0,1,0,1,0,1,0,1
412729-412720-42651954,0,1,0,1,1,0,1,1,0,0,1,0,0,1,0,0,0,1,1,0,1,0,1,0,1,0,1
412729-412720-42945241,0,0,0,1,0,0,1,1,0,0,1,0,0,0,0,0,0,0,1,0,0,0,1,0,0,0,1
412729-412720-42950690,0,1,0,1,1,0,1,1,0,1,1,0,0,1,0,0,0,1,1,0,1,0,1,0,1,0,1
412729-412720-42305899,1,0,1,1,1,0,1,1,0,0,1,0,0,1,0,0,0,0,1,0,1,0,1,0,0,0,1
412729-412720-42947342,0,0,0,1,0,0,1,1,0,0,1,0,0,1,0,0,0,0,1,0,0,0,1,0,1,0,1
412729-412720-42968365,0,1,0,1,1,0,1,1,0,1,1,0,0,1,1,1,0,1,1,0,1,0,1,0,1,0,1
412729-412720-42622235,0,1,0,1,0,0,1,1,0,0,1,0,0,1,1,0,0,0,1,0,0,0,1,0,1,0,1
412729-412720-42949344,0,0,0,1,0,0,1,1,0,0,1,0,0,0,0,0,0,0,1,0,0,0,1,0,0,0,1
412729-412720-43153379,0,1,1,1,1,0,1,1,0,1,1,0,0,1,1,1,0,1,1,0,1,0,1,0,1,0,1
412729-412720-42656064,0,0,0,1,0,0,1,1,0,0,1,0,0,1,0,0,0,0,1,0,1,0,1,0,0,0,0
412729-412720-42947282,0,1,0,1,1,0,1,1,0,0,1,0,0,0,0,0,0,0,1,0,0,0,0,0,0,0,1
412729-412720-42947500,0,1,1,1,1,0,1,1,0,1,1,1,0,1,1,1,0,1,1,0,1,1,1,0,1,0,1
412729-412720-42622504,0,1,0,1,1,0,1,1,0,1,1,0,0,1,0,0,0,1,1,0,0,0,1,0,1,0,1
412729-412720-42306968,0,0,0,1,1,0,1,1,0,0,1,0,0,1,0,0,0,0,1,0,1,0,1,0,1,0,1
412729-412720-42641936,0,1,1,1,1,0,1,1,0,0,1,0,0,1,0,0,0,1,1,0,1,0,1,0,1,0,1
412729-412720-42946430,0,1,0,1,1,0,1,1,0,0,1,0,0,1,1,1,0,1,1,0,1,0,1,0,1,0,1
412729-412720-42949989,0,0,0,1,0,0,1,1,0,0,1,0,0,0,0,0,0,0,1,0,0,0,1,0,0,0,1
412729-412720-42642864,0,0,0,1,0,0,1,1,0,0,1,0,0,1,0,0,0,0,1,0,0,0,1,0,1,0,1
412729-412720-42950364,0,1,0,1,1,0,1,1,0,0,1,0,0,1,0,1,0,1,1,0,1,0,1,0,1,0,1
412729-412720-42643766,0,0,1,1,1,0,1,1,0,0,1,1,0,1,0,0,0,1,1,0,1,0,1,0,1,0,1
412729-412720-42709994,0,0,0,1,0,0,1,1,0,0,1,0,0,1,0,0,0,1,1,0,1,0,0,0,0,0,1
412729-412720-42636573,0,1,0,1,1,0,1,1,0,0,1,0,0,1,0,0,0,1,1,0,1,0,1,0,1,0,1
412729-412720-43154566,0,0,0,1,0,0,0,1,0,0,1,0,0,0,0,0,0,0,1,0,0,0,0,0,1,0,1
412729-412720-42982503,0,1,1,1,1,0,1,1,0,1,1,1,0,1,1,1,1,1,1,0,1,1,1,1,1,0,1
412729-412720-42256486,0,0,0,1,0,0,1,1,0,0,1,0,0,0,0,0,0,0,1,0,0,0,1,0,0,0,1
412729-412720-42948947,0,0,0,1,1,0,1,1,0,0,1,0,0,1,0,0,0,1,1,0,1,0,0,0,1,0,1
412729-412720-42948888,0,0,0,1,0,0,1,1,0,0,1,0,0,1,0,0,0,0,1,0,0,0,0,0,0,0,1
412729-412720-42947129,0,0,0,1,0,0,1,1,0,0,1,0,0,0,0,0,0,0,1,0,0,0,1,0,0,0,1
412729-412720-43152305,1,1,1,1,1,1,1,1,1,1,1,1,1,1,1,1,1,1,1,1,1,1,1,1,1,1,1
412729-412720-42947710,0,1,0,1,1,0,1,1,0,0,1,0,0,0,0,0,0,1,1,0,1,0,1,0,1,0,1
412729-412720-43152414,0,1,0,1,1,0,1,1,0,0,1,0,0,1,0,0,0,0,1,0,1,0,1,0,0,0,1
412729-412720-42671065,0,1,0,1,1,0,1,1,0,0,1,1,0,1,1,1,0,1,1,0,1,0,1,0,1,0,1
412729-412720-42621982,0,0,0,1,1,0,1,1,0,0,1,0,0,0,0,0,0,0,1,0,1,0,1,0,1,0,1
412729-412720-42849707,0,0,1,1,1,0,1,1,0,0,1,0,0,1,0,0,0,1,1,0,1,0,1,0,1,0,1
412729-412720-42948740,0,1,1,1,0,0,1,1,0,0,1,0,0,1,0,0,0,0,1,0,1,0,1,0,1,0,1
412729-412720-43164432,0,0,0,1,1,0,1,1,0,1,1,0,0,1,0,0,0,1,1,0,1,0,1,0,1,0,1
412729-412720-42624629,0,1,1,1,1,0,1,1,0,0,1,0,0,1,0,1,0,0,1,0,1,0,1,0,1,0,1
412729-412720-42949939,0,0,0,1,1,0,1,1,0,0,1,0,0,1,0,0,0,0,1,0,0,0,1,0,1,0,1
412729-412720-42948922,1,1,1,1,1,0,1,1,0,1,1,1,0,1,1,1,0,1,1,0,1,0,1,0,1,0,1
412729-412720-42636799,0,0,0,1,0,0,0,1,0,0,1,0,0,1,0,0,0,0,1,0,0,0,0,0,0,0,0
412729-412720-42947257,0,1,1,1,1,0,1,1,0,1,1,1,0,1,1,1,0,1,1,0,1,0,1,0,1,0,1
412729-412720-42947821,0,1,1,1,1,0,1,1,0,1,1,1,0,1,1,1,1,1,1,1,1,1,1,1,1,1,1
412729-412720-42959177,0,1,0,1,1,0,1,1,0,1,1,1,0,1,1,1,0,1,1,0,1,0,1,1,1,0,1
412729-412720-43156721,0,1,1,1,1,0,1,1,0,1,1,1,0,1,1,1,1,1,1,0,1,1,1,0,1,0,1
412729-412720-42947138,0,1,0,1,1,0,1,1,0,1,1,0,0,1,1,1,0,1,1,0,1,0,1,0,1,0,1
412729-412720-43014857,0,1,0,1,1,0,1,1,0,0,1,0,0,1,0,0,0,0,1,0,1,0,1,0,1,0,1
412729-412720-42289478,0,0,0,1,0,0,0,1,0,0,1,0,0,0,0,0,0,0,1,0,0,0,1,0,0,0,1
412729-412720-42944892,0,1,0,1,1,0,1,1,0,0,1,0,0,1,1,1,0,0,1,0,1,0,1,0,1,0,1
412729-412720-42945319,0,1,0,1,1,0,1,1,0,1,1,0,0,1,0,0,0,1,1,0,1,0,1,0,1,0,1
412729-412720-42506611,0,1,0,1,1,0,1,1,0,1,1,0,0,1,1,1,0,1,1,0,1,1,1,0,1,0,1
412729-412720-42623731,0,0,1,1,1,0,1,1,0,0,1,0,0,0,0,0,0,0,1,0,0,0,1,0,1,0,1
412729-412720-42687046,0,0,0,1,1,0,1,1,0,1,1,0,0,1,0,1,0,0,1,0,1,0,1,0,1,0,1
412729-412720-43154691,1,1,1,1,1,1,1,1,1,1,1,1,1,1,1,1,1,1,1,1,1,1,1,1,1,1,1
412729-412720-42948117,0,1,1,1,1,0,1,1,0,1,1,1,0,1,1,1,1,1,1,0,1,1,1,1,1,0,1
412729-412720-42987501,0,1,0,1,1,0,1,1,0,0,1,0,0,1,0,0,0,1,1,0,1,0,1,1,1,0,1
412729-412720-43156489,0,1,1,1,1,0,1,1,0,0,1,0,0,0,0,0,0,0,1,0,1,0,1,0,1,0,1
412729-412720-42622882,0,1,0,1,1,0,1,1,0,0,1,0,0,1,0,0,0,0,1,0,0,0,1,0,1,0,1
412729-412720-42634162,0,1,1,1,1,0,0,1,0,0,1,0,0,1,0,0,0,0,1,0,1,0,1,0,0,0,1
412729-412720-42949706,0,0,0,1,1,0,1,1,0,0,1,0,0,0,0,0,0,0,1,0,0,0,1,0,0,0,1
412729-412720-42947874,0,1,0,1,1,0,1,1,0,1,1,1,0,1,1,1,0,1,1,0,1,0,1,0,1,0,1
412729-412720-42623087,1,1,1,1,1,1,1,1,1,1,1,1,1,1,1,1,1,1,1,1,1,1,1,1,1,1,1
412729-412720-42947192,0,0,0,1,0,0,1,1,0,0,1,0,0,1,0,0,0,0,1,0,0,0,1,0,1,0,1
412729-412720-42949970,0,1,1,1,1,0,1,1,0,1,1,1,0,1,1,1,0,1,1,0,1,0,1,0,1,0,1
412729-412720-42959313,0,0,0,1,1,0,1,1,0,0,1,0,0,1,0,0,0,0,1,0,0,0,1,0,1,0,1
412729-412720-43018237,0,1,1,1,1,0,1,1,0,1,1,1,0,1,1,1,0,1,1,0,1,0,1,0,1,0,1
412729-412720-42944945,0,1,1,1,1,0,1,1,0,1,1,0,0,1,1,1,0,1,1,0,1,1,1,0,1,0,1
412729-412720-42624331,0,1,1,1,1,0,1,1,0,0,1,0,0,1,1,1,0,1,1,0,1,0,1,0,1,0,1
412729-412720-42949101,0,1,0,1,0,0,1,1,0,0,1,0,0,1,0,0,0,0,1,0,1,0,1,0,1,0,1
412729-412720-42949935,0,1,1,1,1,0,1,1,0,1,1,0,0,1,0,0,0,1,1,0,1,0,1,0,1,0,1
412729-412720-42637480,0,0,0,1,0,0,1,1,0,0,1,0,0,1,0,0,0,0,1,0,0,0,1,0,0,0,1
412729-412720-42943635,0,1,0,1,1,0,1,1,0,0,1,0,0,1,0,0,0,1,1,0,1,0,1,0,1,0,1
412729-412720-43156444,0,1,1,1,1,0,1,1,0,1,1,1,0,1,1,1,0,1,1,0,1,1,1,0,1,0,1
412729-412720-42949076,0,0,1,1,1,0,1,1,0,0,1,0,0,1,0,0,0,1,1,0,1,0,1,0,1,0,1
412729-412720-42949819,0,0,0,1,0,0,0,1,0,0,1,0,0,1,0,0,0,0,1,0,0,0,1,0,1,0,1
412729-412720-42624224,0,0,0,1,1,0,1,1,0,0,1,0,0,1,0,0,0,1,1,0,1,0,1,0,1,0,1
412729-412720-42656456,1,1,1,1,1,1,1,1,1,1,1,1,1,1,1,1,1,1,1,1,1,1,1,1,1,1,1
412729-412720-42950083,0,0,0,1,1,0,1,1,0,0,1,0,1,1,0,0,0,1,1,0,1,0,1,0,1,0,1
412729-412720-42623646,0,1,1,1,1,0,1,1,0,1,1,1,0,1,1,1,0,1,1,0,1,1,1,1,1,0,1
412729-412720-43153817,1,1,1,1,1,1,1,1,1,1,1,1,1,1,1,1,1,1,1,1,1,1,1,1,1,1,1
412729-412720-42947496,0,1,0,1,1,0,1,1,0,0,1,0,0,1,0,0,0,0,1,0,1,0,1,0,1,0,1
412729-412720-42628217,0,0,0,1,1,0,1,1,0,0,1,0,0,1,0,0,0,0,1,0,0,0,1,0,1,0,1
412729-412720-42949092,0,1,1,1,1,0,1,1,0,1,1,0,0,1,1,1,0,1,1,0,1,1,1,0,1,0,1
412729-412720-42950013,0,1,0,1,1,0,0,1,0,0,1,0,0,1,0,0,0,0,1,0,1,0,1,0,1,0,1
412729-412720-42950086,0,1,0,1,1,0,1,1,0,0,1,0,0,1,0,0,0,0,1,0,1,0,1,0,1,0,1
412729-412720-42622148,1,1,1,1,1,0,1,1,0,1,1,1,0,1,1,1,0,1,1,0,1,0,1,0,1,0,1
412729-412720-43031132,0,1,1,1,1,0,1,1,0,0,1,0,0,0,0,0,0,0,1,0,0,0,1,0,1,0,1
412729-412720-42945155,0,0,0,1,0,0,0,1,0,0,1,0,0,0,0,0,0,0,1,0,0,0,0,0,0,0,1
412729-412720-43179290,0,1,1,1,1,0,1,1,0,1,1,0,0,1,1,1,0,1,1,0,1,0,1,0,1,0,1
412729-412720-42655662,0,1,1,1,1,0,1,1,0,1,1,0,0,1,1,1,0,1,1,0,1,1,1,1,1,0,1
412729-412720-42954561,0,1,1,1,1,0,1,1,0,1,1,0,0,1,1,0,0,1,1,0,1,0,1,0,1,0,1
412729-412720-43154905,0,1,0,1,0,0,1,1,0,0,1,0,0,1,0,0,0,0,1,0,1,0,1,0,1,0,1
412729-412720-42739610,0,1,1,1,1,0,1,1,0,1,1,1,0,1,1,1,1,1,1,0,1,1,1,1,1,0,1
412729-412720-42634097,0,1,0,1,1,0,1,1,0,1,1,0,0,1,1,1,0,1,1,0,1,0,1,0,1,0,1
412729-412720-42633852,0,1,1,1,1,0,1,1,0,1,1,0,0,1,1,1,0,1,1,0,1,0,1,0,1,0,1
412729-412720-42852058,0,1,0,1,0,0,1,1,0,0,1,0,0,1,0,0,0,0,1,0,0,0,1,0,1,0,1
412729-412720-43157082,0,0,0,1,0,0,1,1,0,0,1,0,0,1,0,0,0,0,1,0,1,0,1,0,1,0,1
412729-412720-42687048,0,1,0,1,0,0,1,1,0,0,1,0,0,1,0,0,0,0,1,0,1,0,1,0,1,0,1
412729-412720-42637296,0,1,1,1,1,0,1,1,0,1,1,1,0,1,1,1,1,1,1,0,1,1,1,1,1,0,1
412729-412720-42657343,0,1,1,1,1,0,1,1,0,0,1,0,0,1,0,0,0,1,1,0,1,0,1,0,1,0,1
412729-412720-43177077,1,1,1,1,1,0,1,1,0,1,1,1,0,1,1,1,1,1,1,1,1,1,1,0,1,1,1
412729-412720-42626481,0,1,0,1,0,0,1,1,0,0,1,0,0,1,0,0,0,0,1,0,1,0,1,0,1,0,1
412729-412720-42628154,0,1,1,1,1,0,1,1,0,0,1,0,0,1,1,1,0,1,1,0,1,0,1,0,1,0,1
412729-412720-42948116,0,1,1,1,1,0,1,1,0,1,1,0,0,1,1,1,0,1,1,0,1,0,1,0,1,0,1
412729-412720-42946972,0,1,1,1,1,0,1,1,0,1,1,1,0,1,1,1,1,1,1,0,1,1,1,1,1,0,1
412729-412720-42623460,0,0,0,1,0,0,1,1,0,0,1,0,0,1,0,0,0,0,1,0,1,0,1,0,1,0,1
412729-412720-42944836,0,1,0,1,1,0,1,1,0,1,1,1,0,1,1,1,0,1,1,0,1,0,1,0,1,0,1
412729-412720-43157203,0,0,0,1,0,0,1,1,0,0,1,0,0,1,0,0,0,0,1,0,0,0,0,0,0,0,1
412729-412720-42849545,0,1,1,1,1,0,1,1,0,1,1,1,0,1,1,1,0,1,1,0,1,0,1,0,1,0,1
412729-412720-42945167,0,1,0,1,1,0,1,1,0,0,1,0,0,1,0,0,0,0,1,0,1,0,1,0,1,0,1
412729-412720-42305123,0,0,0,1,1,0,1,1,0,0,1,0,0,0,0,0,0,0,1,0,1,0,1,0,0,0,1
412729-412720-42942727,0,1,0,1,0,0,1,1,0,0,1,0,0,1,0,0,0,0,1,0,1,0,1,0,1,0,1
412729-412720-42948145,0,0,0,1,0,0,1,1,0,0,1,0,0,1,1,0,0,0,1,0,1,0,1,0,1,0,1
412729-412720-42622063,0,1,0,1,1,0,1,1,0,1,1,0,0,1,1,1,0,0,1,0,1,0,1,0,1,0,1
412729-412720-43043609,0,0,0,1,0,0,1,1,0,0,1,0,0,1,0,0,0,0,1,0,0,0,1,0,1,0,1
412729-412720-43153482,0,0,0,1,0,0,0,1,0,0,1,0,0,0,0,0,0,0,1,0,0,0,1,0,0,0,1
412729-412720-43152419,0,1,1,1,1,0,1,1,0,1,1,0,0,1,0,0,0,1,1,0,1,0,1,0,1,0,1
412729-412720-42625191,0,1,0,1,1,0,1,1,0,1,1,0,0,1,0,0,0,0,1,0,0,0,1,0,1,0,1
412729-412720-42945884,0,1,0,1,1,0,1,1,0,1,1,0,0,1,0,0,0,1,1,0,1,0,1,0,1,0,1
412729-412720-42633707,0,1,0,1,1,0,1,1,0,0,1,0,0,1,0,0,0,0,1,0,0,0,1,0,1,0,1
412729-412720-42949916,0,1,0,1,0,0,1,1,0,0,1,0,0,1,0,0,0,1,1,0,1,0,1,0,1,0,1
412729-412720-42721715,0,0,0,1,0,0,0,0,0,0,1,0,0,0,0,0,0,0,1,0,0,0,0,0,0,0,1
412729-412720-43236562,0,1,1,1,1,0,1,1,0,0,1,0,0,1,0,0,0,0,1,0,0,0,1,0,0,0,1
412729-412720-42848985,0,1,0,1,1,0,1,1,0,0,1,0,0,1,0,0,0,0,1,0,1,0,1,0,1,0,1
412729-412720-42650204,1,1,1,1,1,1,1,1,1,1,1,1,1,1,1,1,1,1,1,1,1,1,1,1,1,1,1
412729-412720-42945974,0,1,0,1,1,0,1,1,0,0,1,0,0,1,0,0,0,0,1,0,1,0,1,0,1,0,1
412729-412720-42774141,0,0,0,1,0,0,1,1,0,0,1,0,0,1,0,0,0,0,1,0,0,0,1,0,1,0,1
412729-412720-43154231,0,1,0,1,1,0,1,1,0,1,1,0,0,1,0,0,0,1,1,0,1,0,1,0,1,0,1
412729-412720-42645597,0,1,1,1,1,0,1,1,0,1,1,0,0,1,0,1,0,1,1,0,1,0,1,0,1,0,1
412729-412720-42655329,0,0,0,1,0,0,1,1,0,0,1,0,0,0,0,0,0,0,1,0,0,0,0,0,0,0,1
412729-412720-42948604,0,1,1,1,1,0,1,1,0,1,1,0,0,1,1,0,0,1,1,0,1,0,1,0,1,0,1
412729-412720-42731982,0,1,0,1,1,0,1,1,0,0,1,0,0,1,1,0,0,1,1,0,1,0,1,0,1,0,1
412729-412720-42648758,0,1,0,1,1,0,1,1,0,0,1,0,0,1,0,0,0,1,1,0,1,0,1,0,1,0,1
412729-412720-42949001,0,1,0,1,1,0,1,1,0,1,1,1,0,1,1,1,1,1,1,0,1,1,1,1,1,0,1
412729-412720-42632516,0,1,1,1,1,0,1,1,0,1,1,1,0,1,1,1,0,1,1,0,1,1,1,1,1,1,1
412729-412720-42949167,0,0,0,1,0,0,1,1,0,0,1,0,0,1,0,0,0,0,1,0,0,0,1,0,0,0,1
412729-412720-42630566,0,0,0,1,0,0,0,1,0,0,1,0,0,1,0,0,0,0,1,0,0,0,1,0,0,0,1
412729-412720-42948230,0,1,1,1,1,0,1,1,0,1,1,1,0,1,1,1,0,1,1,0,1,1,1,0,1,0,1
412729-412720-43186011,0,1,1,1,1,0,1,1,0,0,1,0,0,1,0,0,0,1,1,0,1,0,1,0,1,0,1
412729-412720-42289509,0,0,0,1,0,0,0,1,0,0,1,0,0,0,0,0,0,0,1,0,0,0,0,0,0,0,1
412729-412720-42946337,0,1,1,1,1,0,1,1,0,1,1,0,0,1,1,1,0,1,1,0,1,0,1,0,1,0,1
412729-412720-42949073,1,1,1,1,1,1,1,1,1,1,1,1,1,1,1,1,1,1,1,1,1,1,1,1,1,1,1
412729-412720-42648253,0,0,0,1,0,0,0,1,0,0,1,0,0,0,0,0,0,0,1,0,0,0,1,0,0,0,1
412729-412720-42636397,0,1,1,1,1,0,1,1,0,1,1,1,0,1,1,1,0,1,1,0,1,1,1,1,1,1,1
412729-412720-42950980,0,0,0,1,0,0,0,1,0,0,1,0,0,1,0,0,0,0,1,0,0,0,0,0,0,0,1
412729-412720-42950239,0,1,1,1,1,0,1,1,0,1,1,0,0,1,1,1,0,1,1,0,1,1,1,0,1,0,1
